User,Task1-Prospective,Task1-Restrospective,Task2-Prospective,Task2-Restrospective,Task3-Prospective,Task3-Restrospective
guest1,http://purl.org/np/RAFSkDlUvnV9xhP31ueqV2aFTMj4gLoxeTl6Ruen6-IQw#plan,http://purl.org/np/RAbH52UMZkIgLeyUjkrPBNfeKXrTEysLHXwFbvl9OE74E#fairworkflowprov,,,,
guest2,http://purl.org/np/RAByi9bgYI6l9PWw3ODWvL8Vtq2zdxsFfDC1NDr4PfcZU#plan,,http://purl.org/np/RAi2uAnMR8szlDZs7B7LNk1d7r3XsoSpFtLrsTTJLAZpo#plan,http://purl.org/np/RAx__dmVq87NsBKKPkHlGXRWFCkcasVGSj2114lj4CHAQ#fairworkflowprov,http://purl.org/np/RAPVzWqnGweopmSGFWfRY9lvI5bj-Tt-l-95r9MLF32i4#plan,http://purl.org/np/RASXsABRKs397jj37Bhnsfjdx1FuoaXxysFiSP0LU5ytg#fairworkflowprov
guest3,,,,,,
guest4,http://purl.org/np/RAzQQnMt8ty7Px-t_dFKjZkux5QaC_nxlAHGKq9RgPlTQ#plan,http://purl.org/np/RAEwcI_uAVsTFJg0xtB2mF9EyiGjTMB1-WZ1Npv0y8L9s#fairworkflowprov,http://purl.org/np/RA30kwG-Np56bgbZ9lNTokuyGkcvdHLqMHJB2fMqB6tdE#plan,,http://purl.org/np/RAOxqpn2U7NDdCwK5QXRNCbxJDUo7bJlFJ9E6DRtMF0fk#plan,
guest5,,,,,,
guest6,http://purl.org/np/RAzKMgWAP5wxH9xVpY6m5eEhT4Hxfuj1VdmaLxa4myeCU#plan,http://purl.org/np/RAaBrCYlvEB7kUTbClRhBylBbYV_RdFk7PRfj8kWXzWeA#fairworkflowprov,http://purl.org/np/RAbnbGXWvS6S5sDRTCs4ECi2MsB79wp0RMXp3rd5Rr0bs#plan,http://purl.org/np/RAT9ZTEJeSFsHsdN6HgKors5k3iHlZgH_AG721ulWHT0Y#fairworkflowprov,http://purl.org/np/RAlHMbgH_TvYRmkQqBxfwexF7Jjbwhsfs5j7nxDW3BwYw,http://purl.org/np/RAlGSNr-fO_FQp08PRrEx18c6kzuuVlzP49XBQYSzclZ4#fairworkflowprov
guest7,http://purl.org/np/RAAls4X6cmCsNVGEKwA8xkGkSsi4F3Co93wbyF_as5rCM#plan,,http://purl.org/np/RALmFK_DWegfg_frtEXfI7bAOnyx6mlwPcVaee6tRZipM#plan,http://purl.org/np/RAOUpRUixNpYPMK9xse-MMjBob6qLF6nBKyMaulgpe9fk#fairworkflowprov,http://purl.org/np/RArKfjHfbzR8IcWXGI5DtYB_olIuzx9maImUO-gg2j0wM#plan,http://purl.org/np/RAYlP0Hona9gsUfuInt5FYF7PKl_Ak1QnOiuvWFKViFoc#fairworkflowprov
guest8,,,,,,
guest9,http://purl.org/np/RAjgGhvqFiVxYhyQi5RMCzzXUoZ4CiNqylQ4RiIDfAvgE#plan,,http://purl.org/np/RAEPOpqDAOXsT8HygwvfRLkUjG2UN05-_tE_9EH3CcDGM#plan,,http://purl.org/np/RAC9t718UZ_w-gadA8DXLC_dA6v6uINdQxuKB8dd-JL4w#plan,
guest10,http://purl.org/np/RAXrUCE119ieuhcmMomv_kgqQ6y5trrgOC6n20y3wuc3g#plan,,http://purl.org/np/RAEDtUeUiBCsxHRuTcoPglWDBXydqEA_Xnnh4gvQYjgjw#plan,http://purl.org/np/RAGUgthCu49BXC9aBUFlg_LnuGbyc-rkuDNBcy-fJ3bsw#fairworkflowprov,http://purl.org/np/RAXezyxHCAsDvaKxaEAo4HzdRZ4ytCeiMUevevdU0_caM#plan,http://purl.org/np/RAEKb9PtFkzrva8OXrD4vrb2YMciseP_Qyo_HFodqACt0#fairworkflowprov
guest11,http://purl.org/np/RAZN4NXSt9m3J9ROAn78Kd6QnKKDntc777-CrRNxmZ3pI#plan,http://purl.org/np/RA4Kp7MCBtEVMpup_ZbhRVLGlLLu6LAsKVUJLb7Z11cio#fairworkflowprov,http://purl.org/np/RAfEwBGufKN0XMiJPFT90kIbuvy2dfFri0hPOcVX5t6Ko#plan,http://purl.org/np/RApCbC9LWg7KmZVEVwsJ9rYsOUQcHW98YdNPpgf-HGyx8#fairworkflowprov,http://purl.org/np/RA1mPAMLKStkiTGP49xiyVvuxHVWoZUz5xtOo3M4pAm68#plan,http://purl.org/np/RAvDMMfWD3mYEIYL25A7hRdAMUsDSydThKmOEx9Zn_EYs#fairworkflowprov
guest12,http://purl.org/np/RAPa6qbOcPTPFIushIcAjyk-zQJn9tf9fn6AuzAuiyMLw#plan,,,,,
guest13,http://purl.org/np/RADu6Tkk8XtsvY7IazC7jJmMUDA3B65LcqgUM2CyTF11s#plan,http://purl.org/np/RAedoYcnh-Sb5kh7kvZfXZT15O7R_NP4Xp_zKIQXKpJlI#fairworkflowprov,http://purl.org/np/RAlSCB8ivmejbZczDMeVDIWGkSviMm0elNsyBhDiu9nuE#plan,http://purl.org/np/RA2SXWmtWbwp59nt2qUwtEGrVFuRG8NLna11RalCZHMWM#fairworkflowprov,http://purl.org/np/RASMrUd2mpPl71mdOUXZRye5zxBJg_Gv--R71xwXaEEFA#plan,
guest14,http://purl.org/np/RA57vlIE5bv-Cz_e5fTnivvhVPl_B_gds9EAFcrkH3PtY#plan,http://purl.org/np/RAo6cQcr2cYJ65pnYXwd-SYUEjL_1R0_xb3-_cHyHupXg#fairworkflowprov,http://purl.org/np/RAep9zGGnHmfxasfKKBJdWfh3HogX0wquAuCtF9CTWSPs#plan,http://purl.org/np/RAkoQCQb2402Tv9-rELXwuYpOt5Nq5puUrALbXuVU-fDs#fairworkflowprov,http://purl.org/np/RA8ni1mvXvKbOfrqJtQB23AWZypXZkJRzfYTZZTFbheIo#plan,http://purl.org/np/RApUft5747HMxIhvtykbvPFQVfcfFH9og3LE26hJqt0SI#fairworkflowprov
guest15,http://purl.org/np/RAQrIj3HsKqGvjBpZHzSMYohTQxbbFCuwkd3QUD5Uj3kI#plan,http://purl.org/np/RAOaoFrBReJJctkguq2sWQvmZA5Wuftt7OZEFORaaDhIg#fairworkflowprov,http://purl.org/np/RAN6f3yBGlW6QM14pK034IRRYW_lWMuqhfcGC4JEcwnKE#plan,http://purl.org/np/RAHwqAF9VvtgP35XFb9qWl5jEsUiLTcruphXx1i7d4ZZw#fairworkflowprov,http://purl.org/np/RAAgeSeMLCK6LiTMTFe5B_rSj3tVkyV_Pc-tAoRX77bys#plan,http://purl.org/np/RA_qOhc2fPVVPL2BSJ3uXEDQrQ7xn8Ejrfb4z06Erm-jI#fairworkflowprov
guest16,http://purl.org/np/RA4BpjsscTEKIHVXHVX24b2krztdCvoLyFoPqRWd8tLbs#plan,http://purl.org/np/RANaQFOnkSqF3ZG6ub3VmHcxFfCYNYpcVaqVGt_Q6xmcw#fairworkflowprov,http://purl.org/np/RA-DVhznK7GkPZ6VACZobQ48OpLlK3BudmxbjMkgLgP_Q#plan,http://purl.org/np/RAqfkxMEmnajUaSL8pdArhYksm6lA18Nxi-glSVHoyJWo#fairworkflowprov,http://purl.org/np/RAmwc29Te_fSVY3sekthILzaL6dCkQNtW4iCwWRkzXA5I#plan,http://purl.org/np/RAIzXhOi8Hhd6NuPfDCsLg4pfwgPtyJ-U0Vmsm_03S-JY#fairworkflowprov
guest17,,,,,,
guest18,,,,,,
guest19,,,,,,